date,correlation,mae,rmse,r2,mape,bias,num_points,actual_max,actual_mean,actual_std,predicted_max,predicted_mean,predicted_std
2019-07-21,0.5678737950208312,244.12938866248498,373.94338657751456,0.0,240.74744374175054,242.03594853327826,13,917.9999999999999,429.2307692307692,356.5405899861786,918.94324,671.2667,246.01555
2019-07-22,0.7769243295470369,210.43768310546875,290.2925733973846,0.24215034786543188,166.7043380223606,194.99351618840143,13,948.0,499.6923076923077,347.07669292136393,920.03394,694.68585,221.16113
2019-07-23,0.8789431792529978,184.36415217472955,249.55085943855804,0.410656266937663,842.6427463096967,181.82935274564304,13,907.0,493.9230769230769,338.34190339025935,896.2348,675.7524,222.48482
2019-07-24,0.8948482505354441,153.1887981708233,197.21621637119125,0.5805186533227684,96.45356387150782,135.97403893103967,13,940.0,556.8461538461538,316.9329177585919,891.8473,692.8202,237.86719
2019-07-25,0.9724093687097953,182.55142329289362,194.65923785057163,0.3529565653151293,143.54241382739522,182.55142329289362,13,747.0,432.53846153846155,251.8774885351393,933.11945,615.0899,283.5967
2019-07-26,0.8974987353255293,238.64743159367487,292.0761090971517,0.0,94.44451089283939,238.64743159367487,13,531.0,273.2307692307692,180.6853405998735,904.2704,511.8782,318.2709
2019-07-27,0.80438317301907,189.7939309340257,215.8144692455998,0.47094543630156505,156.87064087052497,120.69771135770358,13,889.0,367.0769230769231,308.82423845354214,694.04016,487.77463,216.60272
2019-07-28,0.734967809203372,277.0588191105769,335.2894616394365,0.0,310.94588856574507,277.0588191105769,13,735.0,323.61538461538464,268.319007421371,897.35834,600.67426,271.52902
2019-07-29,0.6124686986707225,226.67682324923,289.95586266990216,0.0,148.30219020377342,172.2114918048565,13,846.0,390.2307692307692,278.6354110799492,890.5323,562.44226,272.822
2019-07-30,0.8795072100657131,135.246339064378,170.81765252187049,0.5846303567328037,76.8161815754686,111.82886798565204,13,848.0,517.5384615384615,275.8648870324672,876.68805,629.3673,213.85156
2019-07-31,0.7536002860488122,192.7736047598032,263.5566447264861,0.1127543494988742,432.0756164314604,188.66102306659405,13,860.0,440.3076923076923,291.2279704445141,841.9051,628.9687,226.15327
2019-08-01,0.9125489636247724,171.53570087139423,211.29621511658942,0.4874909983181207,367.2545309668368,171.53570087139423,13,861.0,485.7692307692308,307.20057341693274,927.64,657.3048,253.76685
2019-08-02,0.9605820623319564,132.25994931734525,152.8423755120347,0.6893819205140254,82.92351463839391,132.25994931734525,13,839.0,501.6923076923077,285.43778791398796,936.3589,633.9523,266.40393
2019-08-03,0.7730656769034849,179.7073687039889,264.05594578873814,0.25196304615462806,1003.0983363239553,178.06657468355618,13,880.0,462.84615384615387,317.77189044812377,908.64294,640.9128,269.21985
2019-08-04,0.9409712683384674,159.60568530742938,190.23834867698184,0.593231903421048,347.7860568937474,159.60568530742938,13,900.0,472.61538461538464,310.4600184837382,932.3095,632.22107,268.33197
2019-08-05,0.9298096568772318,105.832399221567,153.3836342554763,0.7332003042102575,161.7167016861962,105.832399221567,13,890.0,525.9230769230769,309.07751496414335,944.3187,631.7555,267.05005
2019-08-06,0.8659305421826529,125.10370166485126,197.96101628272987,0.5918685050428747,127.2304694227613,122.86336399958684,13,937.0,549.0769230769231,322.52298665843483,922.4378,671.9403,270.419
2019-08-07,0.8853435491005739,168.53800494854266,220.56069311586182,0.46452343487205017,143.07984401029051,168.53800494854266,13,905.0,520.6153846153846,313.7176380286203,925.42206,689.15344,252.17598
2019-08-08,0.7048315737655014,227.21754983755258,325.0323284951435,0.013578032045261645,971.7619196746656,227.21754983755258,13,873.0,436.9230769230769,340.62478416836257,921.3678,664.1406,251.67487
2019-08-09,0.8981471037039737,191.12173696664664,239.98018446775004,0.44591138273687514,859.2299849809953,189.2585214468149,13,940.0,475.53846153846155,335.55740079868485,929.45355,664.797,258.7526
2019-08-10,0.788921841474948,240.25102938138522,299.50450847986923,0.04165961906090987,376.3660647885021,233.12881821852463,13,824.0,410.61538461538464,318.4377329142854,896.37555,643.7442,254.41771
2019-08-11,0.6045657358692128,229.17812552818884,266.5488864826546,0.0,122.88806607119831,174.47431212205154,13,957.0,368.0,228.34878293230875,788.942,542.4743,242.48407
2019-08-12,0.9107026331573845,176.98834228515625,225.50699478854344,0.4131089078459923,165.06875749556227,158.06859882061298,13,912.0,487.7692307692308,306.381340229828,833.819,645.8378,169.44455
2019-08-13,0.8058487116171933,198.94110929048978,263.4411815313189,0.26878120944000383,188.4390324495075,189.95785170335037,13,933.0,472.3076923076923,320.65723772053565,922.3754,662.26556,251.78024
2019-08-14,0.8700125217874183,193.80546687199518,247.34068918269583,0.3555053364426076,262.72333529568124,188.6333946814904,13,934.0,493.0,320.6763685296023,922.5621,681.63336,226.73137
2019-08-15,0.7475658758845733,258.58699563833386,327.85505671799996,0.0,332.0637821814505,258.2309071467473,13,838.0,372.0,313.11472870712,908.1287,630.2309,264.99258
2019-08-16,0.9824018544041749,171.81757296048679,193.5171529794716,0.0,157.87871271606505,171.81757296048679,13,486.0,257.84615384615387,177.60060348707816,717.94824,429.6638,261.00754
2019-08-17,0.9003882961437566,106.67034648014949,153.90916719973006,0.7495772029185312,180.77660873946434,71.83649826049805,13,856.0,474.0,320.1169057287249,839.77783,545.8365,262.2886
2019-08-18,0.8582970808902525,123.42118483323317,197.96659704894088,0.605642910311091,176.61436134199755,113.36789644681491,13,938.0,541.8461538461538,328.1165560574083,916.5921,655.214,268.0733
2019-08-19,0.8270539145032934,149.3390180147611,228.11096876111304,0.47455718840132033,213.05590499695697,142.34258622389572,13,938.0,545.2307692307693,327.5401130259096,921.7371,687.57336,248.05386
2019-08-20,0.8343902303515178,148.01534564678485,226.3461612048892,0.5047031050902877,201.16195183450967,136.9369858961839,13,961.0,558.8461538461538,334.7506151734069,924.67474,695.7832,245.47241
2019-08-21,0.812743498338274,155.89501366248498,237.43047458081395,0.4572465011059892,233.654402835058,142.50800382173978,13,960.0,558.2307692307693,335.44104147777193,925.90155,700.73883,243.04433
2019-08-22,0.8117267048755236,158.12998962402344,239.52666176700347,0.4496531417809073,255.9429127978912,144.5079380915715,13,960.0,558.0769230769231,336.05988095835477,925.889,702.58484,241.02676
2019-08-23,0.8097315405484267,164.7935802753155,244.83872993988373,0.42190934097424293,289.1888617103281,153.1429924598107,13,955.0,550.6153846153846,335.1684995295994,925.92224,703.7584,242.19942
2019-08-24,0.807716608876905,164.14700200007513,248.71897219741976,0.40817004951617186,420.0426500011307,157.0648392897386,13,940.0,543.5384615384615,336.50498148482524,926.50464,700.6034,241.28716
2019-08-25,0.8539726227587999,188.83718989445612,238.85168842074233,0.32962142524207083,264.550091132508,184.29511319673978,13,921.0,490.15384615384613,303.63323438919036,931.894,674.4489,252.2441
2019-08-26,0.8046479151307719,212.95400003286508,277.7562581992694,0.13678899128406052,1833.7533814200854,212.95400003286508,13,807.0,422.6923076923077,311.1619044311671,927.1898,635.64636,268.13416
2019-08-27,0.8253369685514148,190.58495125403772,253.46767383598024,0.335516467065084,444.0086276737672,180.93217556293195,13,873.0,355.2307692307692,323.6394995068211,901.77246,536.16296,294.33844
2019-08-28,0.6596610512037641,255.8117165198693,331.73344846451835,0.0,868.0520095332358,213.10830981914813,13,921.0,289.46153846153845,344.96657214494843,786.73083,502.56985,280.47604
2019-08-29,0.47752187609193864,206.4638413649339,258.99383721889933,0.0,378.0595482785516,147.0701880821815,13,573.0,265.7692307692308,206.73540006739447,710.31,412.83948,226.16385
2019-08-30,0.8689085943300444,126.82872361403246,143.45095258933634,0.7373341824233772,266.7359400231973,36.92600895808293,13,908.0,467.7692307692308,291.3283239022466,797.61456,504.69528,257.86646
2019-08-31,0.7207118882694307,284.87999314528247,350.5555141108853,0.0,1014.445591554287,250.64671677809494,13,896.0,358.84615384615387,356.40984043510133,840.5215,609.4928,193.43024
2019-09-01,0.9325463727651442,207.57981755183295,253.91408743622847,0.30436146636214656,776.1572101180955,205.40395179161658,13,922.0,503.0769230769231,316.86628660957854,918.9617,708.48083,190.37373
2019-09-02,0.586986871602363,315.65330505371094,393.19003172007604,0.0,303.11520206646907,315.65330505371094,12,804.0,319.0,287.330661592022,880.7358,634.6533,245.11154
2019-09-03,0.7940912942396348,163.44669087727866,249.9550948621618,0.39934080534028815,198.6540227120143,149.3969980875651,12,909.0,502.8333333333333,336.85438810839145,880.7066,652.23035,224.01302
2019-09-04,0.920092389033172,161.77886072794595,209.79073355606002,0.5405402010870208,591.2503499976362,158.56750615437826,12,885.0,485.5,323.26361322667236,914.8217,644.0675,229.97516
2019-09-05,0.9167508155517792,133.31922658284506,177.07349407304068,0.6155976746749406,64.1979636873988,133.31922658284506,12,894.0,536.9166666666666,298.30108594972944,926.6562,670.2359,248.63387
2019-09-06,0.899309507500939,141.92453893025717,184.8378344953504,0.5331322977064213,56.50512066650383,141.92453893025717,12,837.0,526.0833333333334,282.54539726414146,924.5367,668.0079,259.57056
2019-09-07,0.6128945360305864,262.9497241973877,372.36761298383834,0.0,967.3461033180024,262.9497241973877,12,857.0,409.1666666666667,341.8220784755328,916.0546,672.1164,263.19376
2019-09-08,0.9071636404186051,133.32335789998373,181.902863339507,0.5720718243793423,82.03438012803295,129.85789362589517,12,878.0,532.9166666666666,290.4346142447817,906.20154,662.7746,210.88165
2019-09-09,0.8467132726431754,140.37869135538736,207.13474181633165,0.4937465005182057,75.79356106087012,137.0783576965332,12,889.0,532.1666666666666,304.0627427277987,871.9843,669.24506,245.83818
2019-09-10,0.8402986660432059,149.8433583577474,216.42557189967349,0.4580449809167737,67.87004242746976,146.41992696126303,12,914.0,552.6666666666666,307.058576979979,923.8967,699.0866,258.5287
2019-09-11,0.8506105746889807,144.62342516581217,212.78339468766046,0.4859885149080927,73.56976574403663,144.58032417297363,12,898.0,540.8333333333334,309.98851396120915,915.2936,685.41364,258.87723
2019-09-12,0.9629261943623886,131.6670061747233,151.20478771303695,0.6948607356846059,51.61915651368929,131.6670061747233,12,888.0,491.0833333333333,285.89777522532046,934.6045,622.75037,284.2882
2019-09-13,0.8555159802515363,181.57750733693442,237.09506272024396,0.3901776408663774,266.22118734781634,177.3181791305542,12,880.0,450.6666666666667,317.1137832311165,894.5074,627.9848,279.33838
2019-09-14,0.8593688587333637,117.8348757425944,182.86679671716578,0.5976966752450859,62.0259099404244,106.48350397745769,12,883.0,507.75,301.12882323321054,905.7409,614.23346,278.7722
2019-09-15,0.9634640022166705,136.9701302846273,158.97378322942595,0.6878401146393998,345.77601935530976,136.9701302846273,12,792.0,448.8333333333333,297.18798254589126,906.24023,585.80347,258.6178
2019-09-16,0.8195339565809862,135.9412096341451,199.40565776587343,0.5320194624130904,58.18411195722012,89.53411181767781,12,890.0,534.3333333333334,304.45131968938165,923.66235,623.86743,314.28485
2019-09-17,0.8057135724106685,136.73596572875977,224.04523646717823,0.43515726136528743,70.69110567149788,136.6194190979004,12,912.0,546.25,311.3624386174707,914.6977,682.8694,270.52988
2019-09-18,0.8172112039106839,153.20031801859537,228.6277647632956,0.39296694975817303,79.7517649938796,153.20031801859537,12,894.9999999999999,537.5,306.4905456053327,921.5827,690.7004,265.16602
2019-09-19,0.8288903272668879,146.91194852193198,221.90519339806727,0.4392491110367961,76.70415181629218,146.91194852193198,12,905.0,537.5833333333334,309.51147969115146,927.72845,684.4953,270.49118
2019-09-20,0.8662305485347359,170.086088180542,220.349431514913,0.3625442402044189,82.59302708534611,170.086088180542,12,851.0,503.6666666666667,288.2578811769178,930.0825,673.75275,275.48587
2019-09-21,0.847867319644898,154.69447453816733,214.69417710567166,0.433436140509714,89.42842950051185,152.38897323608398,12,871.0,511.3333333333333,297.9134509256409,910.1187,663.72235,252.12346
2019-09-22,0.8435689892726497,168.52495193481445,225.00908252325772,0.33422541514077664,90.01789695260268,168.52495193481445,12,864.0,501.6666666666667,288.0253566278602,919.60565,670.1916,260.98727
2019-09-23,0.6898607142435922,213.27128982543945,298.71343180701297,0.0,221.25585730640515,211.92239252726236,12,853.0,443.5,299.25224993458124,899.5299,655.4224,244.04718
2019-09-24,0.8581404319688377,154.03125,213.32641620945878,0.44932871082083803,88.71870345381129,153.38509114583334,12,880.0,509.5833333333333,300.2566957343888,900.8407,662.96844,242.98943
2019-09-25,0.7835991878842661,175.62249628702799,253.50227386230043,0.2570849805287698,117.54300028479419,175.62249628702799,12,863.0,505.25,307.1896438240184,884.36456,680.8725,246.70312
2019-09-26,0.773800062666888,183.17841084798178,253.2400217705923,0.14835206888244967,106.01460340589755,182.66261291503906,12,859.0,463.0,286.6134552446426,900.0445,645.6626,246.306
2019-09-27,0.813300493485004,219.21022288004556,276.7172275758533,0.03130205812045905,158.8695254781743,219.21022288004556,12,872.0,456.5,293.65424938491554,878.37573,675.71027,195.02837
2019-09-28,0.9274589074892755,162.82207361857095,206.5140228063282,0.49470674987345864,131.0785116358305,159.55015182495117,12,869.0,510.6666666666667,303.439475268982,868.9514,670.21674,204.74202
2019-09-29,0.9548221600713225,136.96249135335287,158.50416162628716,0.6512876563151893,76.48342655983681,136.96249135335287,12,829.0,466.25,280.3504705964239,903.0783,603.21246,269.18677
2019-09-30,0.7628638544660565,194.34150218963623,270.6111428887275,0.09959097997374966,108.99537357346279,186.19289429982504,12,863.0,434.8333333333333,297.8653854995372,920.1108,621.0262,297.78787
2019-10-01,0.8691446941773865,163.79552459716797,214.5983124840898,0.41177632753551885,125.05754675166865,163.46676890055338,12,840.0,478.75,292.2465102054646,892.76196,642.21674,239.90895
2019-10-02,0.9646272909302198,116.49282137552898,141.8257188024995,0.7552070316311673,107.2966646702177,116.49282137552898,12,836.0,479.4166666666667,299.398627048936,907.846,595.9095,258.65125
2019-10-03,0.9717467436825736,121.1444616317749,138.50787269308006,0.7517288043171952,78.05117449846507,121.1444616317749,12,807.0,470.4166666666667,290.3391303390926,925.84045,591.56116,297.04517
2019-10-04,0.9355451482738041,129.0450070699056,161.75071000971522,0.6616923816762713,95.02177806867374,127.89421463012695,12,833.0,471.1666666666667,290.4588324243788,922.8172,599.06085,284.87906
2019-10-05,0.953724216735445,116.73397699991862,145.56689059194855,0.7435871892342103,90.56753514237656,116.73397699991862,12,834.0,479.5,300.2527722981543,911.1714,596.23395,276.36804
2019-10-06,0.9231393700244107,198.87855275472006,220.2919440900714,0.08915624832359759,159.8118059226338,198.87855275472006,12,649.0,318.0,241.08542431715324,828.7165,516.8785,257.20505
2019-10-07,0.8027629087689756,138.91135342915854,183.50796894165978,0.5986761353591687,99.14078794241222,39.21810340881348,12,850.0,489.6666666666667,302.55317589214667,833.6985,528.88477,292.98035
2019-10-08,0.8508410082530606,131.81594149271646,201.09025638717844,0.5440331750429886,111.92018097512226,126.30774243672688,12,873.0,511.3333333333333,311.0417491221551,906.0913,637.64105,265.37933
2019-10-09,0.9580154285454338,100.78140258789062,134.31759630524525,0.7969826872614155,87.21040563128405,100.78140258789062,12,873.0,509.5833333333333,311.3584483089118,916.24786,610.36475,273.15347
2019-10-10,0.9514538063289532,134.31185022989908,161.83090791649653,0.6949087487553314,95.73926905680193,134.31185022989908,12,854.0,498.25,306.0137029017432,942.63763,632.5618,295.5142
2019-10-11,0.9617824929043265,135.56155141194662,157.353309724087,0.708634191356889,102.18427934357328,135.56155141194662,12,845.0,488.8333333333333,304.47446029133044,941.06506,624.3949,296.43433
2019-10-12,0.9620979706616131,132.8813123703003,154.36826787276541,0.7093610015292766,103.47656668029792,132.8813123703003,12,827.0,476.5833333333333,299.07173305939756,931.54816,609.4646,296.76413
2019-10-13,0.9304800361198485,151.47755781809488,187.01425510063908,0.5962995055799287,145.10799745095866,151.47755781809488,12,824.0,444.25,307.42512022516075,930.8937,595.7275,306.9932
2019-10-14,0.9796216167207527,104.79057693481445,120.20314638346633,0.8202500362268641,70.97839922310074,104.79057693481445,12,820.0,449.5,296.1254341107375,914.8344,554.2906,305.75687
2019-10-15,0.948150627390103,113.14233112335205,141.78996114969675,0.7497258163577121,111.31697198041222,105.987047513326,12,818.0,434.1666666666667,296.0272817075337,906.8154,540.15375,309.41605
2019-10-16,0.9112975120407941,149.1412617365519,195.72716296585116,0.5809240012726717,391.37759320119864,149.1412617365519,12,812.0,393.1666666666667,315.79044643656664,914.701,542.3079,312.67337
2019-10-17,0.9485910805346143,79.62734762827556,94.8343503830664,0.8501854615291502,99.24369904087257,54.50501537322998,12,746.0,419.5,255.9074761776927,778.16724,474.005,245.90735
2019-10-18,0.9637239902662416,108.22033437093098,133.51698253806103,0.7827743469769012,156.8686856813641,108.22033437093098,12,815.0,460.0833333333333,299.2094001723795,873.92365,568.30365,271.2215
2019-10-19,0.9637071363428655,143.49404366811117,162.59631581389468,0.6596945557120135,183.712936064989,143.49404366811117,12,788.0,446.0833333333333,291.11898796113445,922.7406,589.5774,298.9529
2019-10-20,0.8970608592059354,163.83897558848062,207.14779980179722,0.45000595216624195,300.9572860019821,162.37862809499106,12,786.0,446.0833333333333,291.73975274777575,928.4381,608.4619,299.47726
2019-10-21,0.9370365569495052,116.96014213562012,153.59609907178725,0.7093520903422568,187.18428711449826,116.96014213562012,12,810.0,458.3333333333333,297.57117814164405,917.8664,575.2935,282.51978
2019-10-22,0.9445325851297787,121.493896484375,152.2668436114251,0.7050251959955405,178.06705059010199,118.78665415445964,12,790.0,451.5,292.82433455758235,925.54645,570.2867,302.10657
2019-10-23,0.9517822153368783,130.56941191355386,157.3329711541024,0.6887923517675114,262.2856216817328,130.56941191355386,12,794.0,443.0,294.57025709266094,915.8934,573.56946,295.8471
2019-10-24,0.9666017007917532,136.96734364827475,155.8644092940724,0.676600054340943,219.15098312348263,136.96734364827475,12,768.0,436.3333333333333,286.26698705716643,917.24023,573.30066,302.2841
2019-10-25,0.9482917572257775,140.36718877156576,168.00256210233968,0.6377553765699664,321.0722726991511,140.30710983276367,12,781.0,436.5833333333333,291.54742584209436,921.5773,576.89044,303.8929
2019-10-26,0.9653833290837898,126.06128629048668,147.47668593250884,0.7184932612441174,281.8954655357342,126.06128629048668,12,774.9999999999999,435.0833333333333,290.3175247061657,914.6122,561.14465,305.88373
2019-10-27,0.9703479704223007,111.52571201324463,131.71413132290903,0.7708127683772112,564.277902005611,111.52571201324463,12,764.0,420.5833333333333,287.3633931052626,905.9303,532.10895,301.9176
2019-10-28,0.9644342793482613,94.599991162618,117.83433030100315,0.8201433368717056,538.3188087272504,90.62537670135498,12,773.0,420.8333333333333,290.20363801157197,885.6332,511.45865,297.30573
2019-10-29,0.40545703919915815,270.88849182128905,324.60566036771513,0.0,403.0822594351654,270.88849182128905,10,273.0,123.9,85.81951345054858,634.71216,394.78845,206.22626
2019-10-30,0.24954262256789167,199.02086277008056,230.33132264707757,0.0,142.41176259206162,77.98795070648194,10,502.0,210.1,145.41240203870734,569.37317,288.08792,216.179
2019-10-31,0.9104607018544134,74.37720489501953,99.37294475114284,0.7791922929247339,26.92862005113176,15.450929260253906,10,735.0,488.9,222.91525544724638,662.21515,504.35092,155.98004
2019-11-01,0.7597153616368281,172.37792510986327,223.54575441760858,0.0,152.57733375529781,172.37792510986327,10,668.0,382.9,230.17165092358547,747.87823,555.27795,185.26993
2019-11-02,0.5890636221021334,302.4039306640625,362.7364515871101,0.0,1028.355069665863,302.4039306640625,10,630.0,257.1,260.6455447537901,690.14435,559.50397,168.5665
2019-11-03,0.763194907825947,181.3191650390625,231.36883479165388,0.0,124.97217388592215,166.03915405273438,10,708.0,364.9,237.47067655233187,778.7611,530.93915,254.04834
2019-11-04,0.7593862603053837,129.9706901550293,178.4096341222263,0.3475635905686211,45.61485106820277,84.73232498168946,10,768.0,508.8,232.8241110080025,826.4048,593.53235,243.44992
2019-11-05,0.8475591907022948,123.20034637451172,168.4035801935026,0.435383400493477,44.02525747881029,118.37324676513671,10,765.0,505.8,236.23989690331499,900.01544,624.1732,215.17361
2019-11-06,0.9223182433749462,142.7424774169922,164.06915050054562,0.36015216984912946,47.78971752093133,142.7424774169922,10,706.0,458.5,216.20579188459416,877.37994,601.2425,216.43767
2019-11-07,0.9369798865359281,104.80950164794922,128.0074054815562,0.6478680720059238,34.50990973855784,103.0767837524414,10,732.0,482.0,227.38464719012535,843.5311,585.0768,222.53003
2019-11-08,0.9314423856436919,131.40094146728515,154.36858270308483,0.5157645121687671,41.695615085211664,131.40094146728515,10,757.0,497.1,233.83491327572676,888.6669,628.5009,225.04468
2019-11-09,0.9584734741451196,116.03935546875,131.49492505858618,0.6165087394082351,35.79494021487399,116.03935546875,10,722.0,479.8,223.82572585731864,889.19147,595.8394,227.81537
2019-11-10,0.9340555511443791,114.25194091796875,138.8645728583823,0.5960583695227144,36.44965394669773,113.32947998046875,10,732.0,464.3,230.30899533742345,867.23364,577.62946,234.87775
2019-11-11,0.9382332808880155,91.92542266845703,118.82759624283077,0.704679726388456,30.553255147321156,89.81226654052735,10,735.0,479.9,230.48858732893672,858.2516,569.7123,235.3926
2019-11-12,0.8399030222234042,232.62834548950195,256.6760411454506,0.0,363.14552635578997,232.62834548950195,10,552.0,282.0,208.45676343602338,706.2606,514.6283,191.63779
2019-11-13,0.584667193053248,214.67872123718263,274.36228296775255,0.0,618.2817532129451,161.26237678527832,10,617.0,257.3,247.64089143578676,743.25024,418.5624,264.70776
2019-11-14,0.7163084219072925,248.62062377929686,272.7284462590868,0.0,633.5175657961817,248.62062377929686,10,381.0,105.6,119.481472296847,554.36127,354.22064,169.33623
2019-11-15,0.46743094855894035,194.8827217102051,247.65026983151776,0.0,434.7509850181772,157.37298965454102,10,556.0,186.3,189.379131784776,602.3224,343.67297,200.76578
2019-11-16,0.803458605085956,113.7380989074707,163.54315601190086,0.3184821954855489,70.1263132882738,111.17923965454102,10,617.0,384.9,208.82020442902018,668.764,496.07925,190.7489
2019-11-17,0.92057877468302,132.89113006591796,157.9151555121215,0.4758468035163512,124.62718162548674,132.89113006591796,10,648.0,383.8,229.91824633986752,733.3856,516.6911,206.92879
2019-11-18,0.8037854666638372,147.95783538818358,176.8120125552756,0.23023067151619847,80.13296416838249,116.28765106201172,10,702.0,364.0,212.42724244628639,727.3745,480.2876,231.89807
2019-11-19,0.9480196644918498,112.68121490478515,133.24100443281154,0.6437957011446165,41.23326029381438,112.68121490478515,10,710.0,449.6,235.32445686753428,827.0567,562.2812,226.32242
2019-11-20,0.9563739908170747,97.14995651245117,114.67288676435571,0.7117952731578442,31.77459465068015,93.67548294067383,10,713.0,463.4,225.15880815302094,831.1254,557.0755,238.44397
2019-11-21,0.8749038935575341,175.80001525878907,205.0739283244416,0.0,69.96285110209536,174.49638977050782,10,671.0,370.9,206.42590815000804,806.12396,545.39636,234.46974
2019-11-22,0.8802253429882935,185.3549659729004,210.19357561438534,0.0,118.14898615954523,185.3549659729004,10,572.0,304.6,200.98380255356125,732.6453,489.95493,219.56728
2019-11-23,0.8925003177114269,95.83700523376464,117.54042030818056,0.634517107156363,44.25805080447164,69.60726966857911,10,619.0,392.8,204.9427020196404,688.77985,462.40723,220.62599
2019-11-24,0.9509320095150576,108.59513778686524,127.4782543907425,0.6135885992775999,38.69333980080124,108.59513778686524,10,665.0,417.5,216.16724492341058,771.1071,526.0951,227.46683
2019-11-25,0.9260597208341567,99.55778350830079,122.3803158107536,0.6417393851887163,36.74342100977967,88.40153045654297,10,674.0,440.0,215.52158953468108,806.62604,528.4015,236.23096
2019-11-26,0.7885448653332174,220.60587997436522,254.51316447133436,0.0,99.73324489378193,220.60587997436522,10,548.0,299.3,170.67190747161644,773.69135,519.9059,217.54951
2019-11-27,0.6950160677588421,184.01409683227538,244.19635400954218,0.0,78.8369538038333,158.9479881286621,10,673.0,427.2,219.33373860144928,813.42175,586.148,267.83893
2019-11-28,0.9344309571981596,139.70963592529296,158.68536162959717,0.43592620313171115,57.42649191949404,139.70963592529296,10,680.0,432.0,222.7140668111369,825.307,571.7096,208.08438
2019-11-29,0.9418174158978776,110.37812728881836,133.26835948843097,0.6053815238250865,40.321572257579284,109.65313491821288,10,684.0,425.5,223.62331919745958,816.10095,535.1532,237.52364
2019-11-30,0.9353053303805201,98.65495529174805,123.0542712749386,0.6523778758675445,37.59095350291545,94.86910476684571,10,674.0,430.7,219.999520201497,800.509,525.56915,233.42229
2019-12-01,0.9419320591392559,101.00001602172853,124.74232849322145,0.6584038262904208,35.58323652436835,99.65476303100587,10,695.0,442.8,224.97594933187364,822.94025,542.4547,235.31352
2019-12-02,0.9390278690342917,100.35504989624023,125.3659218766562,0.6601419976584564,34.67725484025418,98.5558692932129,10,704.0,451.5,226.67806343897604,834.94305,550.05585,237.26112
2019-12-03,0.8962019273826111,120.44817352294922,158.9934040456927,0.5377431794037197,62.76912752917778,119.08761749267578,10,712.0,439.6,246.4995830512588,847.823,558.6876,240.16783
2019-12-04,0.9504784291975108,120.3723747253418,141.0261792525989,0.64300597902151,64.91266411160662,120.3723747253418,10,703.0,431.1,248.79864683447673,814.6004,551.4724,232.0384
2019-12-05,0.8209507369988827,177.97847175598145,213.03264580772438,0.0,111.42322705628041,162.6490222930908,10,690.0,332.1,221.89960192243097,783.5009,494.74902,252.71875
2019-12-06,0.8337589651311522,160.62431373596192,183.18039612873142,0.0,69.09477942951767,129.5296443939209,10,589.0,335.0,191.2781569686757,735.5714,464.52963,246.01167
2019-12-07,0.9136679347209358,98.98447113037109,127.2267789943309,0.6283373995075701,41.01980112502922,91.10468902587891,10,662.0,413.3,219.97982230700666,747.2848,504.4047,228.70377
2019-12-08,0.9532885700566832,124.22588958740235,142.4315260982482,0.5030069451383385,41.82932831441343,124.22588958740235,10,669.0,404.8,212.9657249418319,802.6352,529.0259,238.45647
2019-12-09,0.913434704150438,108.2039608001709,134.32672153958362,0.5563292449768844,39.919274764680615,97.22669715881348,10,649.0,408.5,212.57430073584467,763.9938,505.7267,239.56409
2019-12-10,0.9394792828498059,107.32118453979493,131.43259519784095,0.5908104264490439,38.9868927607302,107.31633529663085,10,656.0,410.6,216.58059828977193,778.3557,517.9163,233.33232
2019-12-11,0.8492929828153194,207.71499328613282,233.56654262626137,0.0,169.4952045026532,207.71499328613282,10,539.0,252.6,193.93882196885355,706.3182,460.315,211.53772
2019-12-12,0.8575099880106047,132.26130409240722,176.5324312873137,0.393327013673632,119.48529897210824,129.73266639709473,10,622.0,339.0,238.90537410819746,692.7725,468.7326,233.48334
2019-12-13,0.8307295588762091,114.20279159545899,137.0461606160648,0.5304357378610494,45.24857647232844,49.55113296508789,10,638.0,402.4,210.8133455611069,699.08234,451.9511,241.22147
2019-12-14,0.9221431721540947,115.48616104125976,143.37243324601553,0.5251656585495832,43.38068499068221,115.48616104125976,10,664.0,414.2,219.31752729268536,773.8985,529.68616,230.91936
2019-12-15,0.9415540979349026,134.98627166748048,153.89560504917958,0.44168826778160597,52.4481122612953,134.98627166748048,10,640.0,381.9,217.1033803923324,768.1305,516.88635,231.26521
2019-12-16,0.9331586732058725,105.5020881652832,127.93722886197509,0.6070751121638108,37.902661718287334,98.79131851196288,10,650.0,406.5,215.1398769792961,766.85535,505.29135,237.66116
2019-12-17,0.8781138585516457,129.616552734375,166.36504176789106,0.39851628840816933,61.48087355444094,126.01619567871094,10,664.0,386.9,226.11474471554874,770.03973,512.9162,236.02527
2019-12-18,0.9257641663078844,100.78843460083007,124.62173909475175,0.6219082078166323,35.09216377676127,89.37096633911133,10,647.0,406.3,213.63574919318475,770.26294,495.67096,240.86697
2019-12-19,0.8566944539209103,156.87437705993653,191.97942922367946,0.07769014655543016,87.01327647147382,149.81327781677246,10,638.0,343.5,210.71478880757806,765.1539,493.3133,245.3219
2019-12-20,0.8270429741773911,137.5696243286133,183.33331209077522,0.09678674300130552,208.5833778698105,129.0761947631836,10,615.0,319.3,203.34101078401932,724.7492,448.37616,244.11906
2019-12-21,0.765869002938737,160.96889953613282,221.98491642007116,0.0,94.97162632845017,160.96889953613282,10,654.9999999999999,404.4,223.3234823698076,774.81757,565.3689,244.13025
2019-12-22,0.9598725391820777,98.00867004394532,114.76851467919842,0.7086504327799622,38.59417382937402,98.00867004394532,10,681.0,426.5,224.12707209180343,762.72424,524.50867,218.56737
2019-12-23,0.94042285632398,99.24812927246094,122.55618939814357,0.6721175511667614,33.58992735029047,94.85893249511719,10,688.0,434.2,225.60821498045382,804.2385,529.05896,240.56981
2019-12-24,0.9483363260600286,101.60859832763671,123.70493018795854,0.6702567424456243,34.6128126948109,100.16711883544922,10,691.0,432.2,227.07942810097677,806.9743,532.36707,241.12569
2019-12-25,0.9421341019857619,109.09906997680665,132.37117467424508,0.6154598858449691,36.39413833104624,106.9940315246582,10,684.0,430.5,225.00975287504517,819.6393,537.494,244.53839
2019-12-26,0.9463383557475898,100.68357162475586,123.13725722978138,0.6780353374556776,33.95288350025615,98.14868392944337,10,696.0,437.8,228.7515877297661,812.6423,535.9487,242.52953
2019-12-27,0.9393972156065591,101.62241477966309,126.05942865557974,0.6678892864015796,33.174022362021766,97.31380882263184,10,704.0,442.4,230.57522272207245,819.323,539.71387,246.36444
2019-12-28,0.9406771072231844,109.6145149230957,137.0328010733771,0.6803137726144648,66.62421917053332,109.6145149230957,10,704.0,422.7,255.47082895008666,797.10645,532.3146,240.8409
2019-12-29,0.9046990491449648,106.19571456909179,138.0556332896827,0.5910960222339835,34.470736013397826,92.0965461730957,10,692.0,435.4,227.57377314229822,813.7815,527.4965,254.38321
2019-12-30,0.9509000255494566,107.33139572143554,128.8789732588846,0.6435536637017303,36.00205615368749,106.51238327026367,10,690.0,432.9,227.54313388405674,821.72516,539.4124,246.20908
2019-12-31,0.5716400446192881,202.43251342773436,267.5818744454144,0.0,215.48063507482968,186.01021423339844,10,677.0,306.7,235.51223134077583,645.60657,492.7102,196.02975
